[{"Name":"Холодильник","VendorCode":142176,"Price":16600,"Quantity":25,"Image":"fridge.jpg","Id":30},{"Name":"Холодильник","VendorCode":210774,"Price":7600,"Quantity":16,"Image":"fridge.jpg","Id":31},{"Name":"Микроволновая печь","VendorCode":191089,"Price":18200,"Quantity":20,"Image":"microwave.jpg","Id":32},{"Name":"Микроволновая печь","VendorCode":63575,"Price":28500,"Quantity":13,"Image":"microwave.jpg","Id":33},{"Name":"Микроволновая печь","VendorCode":485487,"Price":17200,"Quantity":22,"Image":"microwave.jpg","Id":34},{"Name":"Стиральная машина","VendorCode":323438,"Price":14600,"Quantity":36,"Image":"washing-machine.jpg","Id":35},{"Name":"Микроволновая печь","VendorCode":476950,"Price":22400,"Quantity":26,"Image":"microwave.jpg","Id":36},{"Name":"Пылесос","VendorCode":290231,"Price":10000,"Quantity":13,"Image":"vacuum_cleaner.jpg","Id":37},{"Name":"Холодильник","VendorCode":244522,"Price":8400,"Quantity":47,"Image":"fridge.jpg","Id":38},{"Name":"Пылесос","VendorCode":288306,"Price":27600,"Quantity":46,"Image":"vacuum_cleaner.jpg","Id":39},{"Name":"Холодильник","VendorCode":79128,"Price":29600,"Quantity":24,"Image":"fridge.jpg","Id":40},{"Name":"Пылесос","VendorCode":71434,"Price":16000,"Quantity":20,"Image":"vacuum_cleaner.jpg","Id":41},{"Name":"Микроволновая печь","VendorCode":460812,"Price":18300,"Quantity":40,"Image":"microwave.jpg","Id":42},{"Name":"Холодильник","VendorCode":23454542,"Price":23000,"Quantity":4,"Image":"fridge.jpg","Id":43},{"Name":"Микроволновая печь","VendorCode":54656,"Price":26000,"Quantity":12,"Image":"microwave.jpg","Id":45}]