[{"$type":"Home_Work.Models.Figures.Rectangle, Home_Work","FigureType":"Прямоугольник","A":8.840699319304608,"B":6.964638974239388,"Id":1},{"$type":"Home_Work.Models.Figures.Triangle, Home_Work","FigureType":"Треугольник","A":10.822974120966391,"B":10.520336546662008,"C":9.421014919319717,"Id":2},{"$type":"Home_Work.Models.Figures.Square, Home_Work","FigureType":"Квадрат","A":5.785280673674094,"Id":3},{"$type":"Home_Work.Models.Figures.Rectangle, Home_Work","FigureType":"Прямоугольник","A":8.134097524901454,"B":7.24992739382396,"Id":4},{"$type":"Home_Work.Models.Figures.Triangle, Home_Work","FigureType":"Треугольник","A":5.128919133974621,"B":9.043698645454896,"C":10.026810853610105,"Id":5},{"$type":"Home_Work.Models.Figures.Triangle, Home_Work","FigureType":"Треугольник","A":9.63788230972791,"B":5.5578587288034065,"C":10.3398206167865,"Id":6},{"$type":"Home_Work.Models.Figures.Triangle, Home_Work","FigureType":"Треугольник","A":10.335119138386055,"B":6.737545382952326,"C":9.786466381561265,"Id":7},{"$type":"Home_Work.Models.Figures.Rectangle, Home_Work","FigureType":"Прямоугольник","A":8.11111600771808,"B":9.631702746688436,"Id":8},{"$type":"Home_Work.Models.Figures.Rectangle, Home_Work","FigureType":"Прямоугольник","A":10.604471327295444,"B":10.897419946816804,"Id":9},{"$type":"Home_Work.Models.Figures.Triangle, Home_Work","FigureType":"Треугольник","A":9.358204251957272,"B":9.214211671294485,"C":7.683949760293485,"Id":10},{"$type":"Home_Work.Models.Figures.Rectangle, Home_Work","FigureType":"Прямоугольник","A":6.1868365743743094,"B":6.064581311793477,"Id":1}]