[{"Type":"микроволновая печь","Name":"DEXP MS-70","VendorCode":"4726172","Price":6379,"Quantity":12,"Image":"microwave_oven.jpg"},{"Type":"пылесос-робот","Name":"Rekam RVL-1670G","VendorCode":"8150067","Price":5799,"Quantity":5,"Image":"robot_vc.jpg"},{"Type":"блинница","Name":"DEXP BLN-3","VendorCode":"1385289","Price":1884,"Quantity":6,"Image":"pan_cacker.jpg"},{"Type":"пылесос-робот","Name":"ELAR1 Smartbot Brush","VendorCode":"4721104","Price":11119,"Quantity":7,"Image":"robot_vc.jpg"},{"Type":"холодильник","Name":"DEXP RE-TD160NMA/W","VendorCode":"1319870","Price":22399,"Quantity":5,"Image":"fridge.jpg"},{"Type":"микроволновая печь","Name":"Gorenje MO17ELS","VendorCode":"8199146","Price":6699,"Quantity":3,"Image":"microwave_oven.jpg"},{"Type":"стиральная машина","Name":"BEKO WSRE612Z-SW","VendorCode":"1118440","Price":35099,"Quantity":3,"Image":"wash_machine.jpg"},{"Type":"пылесос-робот","Name":"Scarlett SC-VC80R12","VendorCode":"5313977","Price":8989,"Quantity":6,"Image":"robot_vc.jpg"},{"Type":"блинница","Name":"Maxwell MV-19HBN","VendorCode":"1098490","Price":3334,"Quantity":5,"Image":"pan_cacker.jpg"},{"Type":"микроволновая печь","Name":"Winia KOR-7707SW","VendorCode":"8199146","Price":8264,"Quantity":2,"Image":"microwave_oven.jpg"},{"Type":"холодильник","Name":"Бирюса М70","VendorCode":"8116403","Price":15959,"Quantity":3,"Image":"fridge.jpg"},{"Type":"стиральная машина","Name":"Бирюса WM-HB712/10","VendorCode":"5327321","Price":35099,"Quantity":3,"Image":"wash_machine.jpg"},{"Type":"блинница","Name":"Tefal PY-303635","VendorCode":"0174095","Price":6184,"Quantity":4,"Image":"pan_cacker.jpg"},{"Type":"микроволновая печь","Name":"Hisense H20MOWS1H","VendorCode":"5330121","Price":7249,"Quantity":7,"Image":"microwave_oven.jpg"},{"Type":"пылесос-робот","Name":"Xiaomi IX","VendorCode":"5679822","Price":23000,"Quantity":3,"Image":"robot_vc.jpg"}]