[
  {
    "Id": 1,
    "Surname": "Исаев",
    "Name": "Алексей",
    "Patronymic": "Владимирович",
    "Category": "A",
    "SNP": "Исаев А.В.",
    "BirthDate": "1992-08-12T00:00:00"
  },
  {
    "Id": 2,
    "Surname": "Кротов",
    "Name": "Евгений",
    "Patronymic": "Вениаминович",
    "Category": "B",
    "SNP": "Кротов Е.В.",
    "BirthDate": "1988-12-23T00:00:00"
  },
  {
    "Id": 3,
    "Surname": "Островский",
    "Name": "Назар",
    "Patronymic": "Александрович",
    "Category": "C",
    "SNP": "Островский Н.А.",
    "BirthDate": "1997-07-08T00:00:00"
  },
  {
    "Id": 4,
    "Surname": "Сочинская",
    "Name": "Ольга",
    "Patronymic": "Алексеевна",
    "Category": "B",
    "SNP": "Сочинская О.А.",
    "BirthDate": "1998-04-17T00:00:00"
  },
  {
    "Id": 5,
    "Surname": "Астахов",
    "Name": "Борис",
    "Patronymic": "Филиппович",
    "Category": "B",
    "SNP": "Астахов Б.Ф.",
    "BirthDate": "1994-02-21T00:00:00"
  }
]