[{"Name":"Sony","Type":"пылесос","VendorCode":"037432","Price":12000,"Amount":3,"FileName":"cleaner_001.jpg"},{"Name":"Sony","Type":"пылесос","VendorCode":"05234","Price":21000,"Amount":1,"FileName":"cleaner_001.jpg"},{"Name":"Sony","Type":"пылесос","VendorCode":"037432","Price":18000,"Amount":12,"FileName":"cleaner_001.jpg"},{"Name":"BOSCH KGN39VI306","Type":"холодильник","VendorCode":"010444","Price":44000,"Amount":11,"FileName":"fridge_003.jpg"},{"Name":"BEKO RCNA366K30W","Type":"холодильник","VendorCode":"026519","Price":35000,"Amount":13,"FileName":"fridge_002.jpg"},{"Name":"Philips XB2125/09","Type":"пылесос","VendorCode":"033429","Price":6000,"Amount":6,"FileName":"cleaner_001.jpg"},{"Name":"Samsung VC07M31D3HU","Type":"пылесос","VendorCode":"051279","Price":6000,"Amount":8,"FileName":"cleaner_002.jpg"},{"Name":"Philips XB2125/09","Type":"пылесос","VendorCode":"073037","Price":6000,"Amount":14,"FileName":"cleaner_001.jpg"},{"Name":"BOSCH KGN39UL316","Type":"холодильник","VendorCode":"023643","Price":40000,"Amount":7,"FileName":"fridge_001.jpg"},{"Name":"PHILIPS HD3136/03","Type":"мультиварка","VendorCode":"075050","Price":6000,"Amount":10,"FileName":"multicooker_001.jpg"},{"Name":"MOULINEX CE430834","Type":"мультиварка","VendorCode":"027295","Price":12000,"Amount":12,"FileName":"multicooker_002.jpg"},{"Name":"RZTK Cyclone 30","Type":"пылесос","VendorCode":"061333","Price":4000,"Amount":2,"FileName":"cleaner_003.jpg"}]