[{"FullName":"Степанов Д. Д.","DateOfEmployment":"2018-01-07T00:00:00","ImageFile":"male_002.jpg","Salary":25000},{"FullName":"Воробьев Ф. В.","DateOfEmployment":"2002-09-17T00:00:00","ImageFile":"male_005.jpg","Salary":25000},{"FullName":"Александров Д. Я.","DateOfEmployment":"2001-08-02T00:00:00","ImageFile":"male_010.jpg","Salary":20000},{"FullName":"Беляева В. С.","DateOfEmployment":"2010-08-02T00:00:00","ImageFile":"female_001.jpg","Salary":23000},{"FullName":"Ширяева С. А.","DateOfEmployment":"2000-03-23T00:00:00","ImageFile":"female_006.jpg","Salary":21000},{"FullName":"Михайлов М. Д.","DateOfEmployment":"2015-08-10T00:00:00","ImageFile":"male_008.jpg","Salary":25000},{"FullName":"Софронова А. М.","DateOfEmployment":"2006-05-07T00:00:00","ImageFile":"female_005.jpg","Salary":20000},{"FullName":"Николаева М. М.","DateOfEmployment":"2014-11-13T00:00:00","ImageFile":"female_010.jpg","Salary":25000},{"FullName":"Степанова Д. Г.","DateOfEmployment":"2006-04-27T00:00:00","ImageFile":"female_002.jpg","Salary":23000},{"FullName":"Львов Д. И.","DateOfEmployment":"2013-01-09T00:00:00","ImageFile":"male_006.jpg","Salary":20000},{"FullName":"Никифорова Е. А.","DateOfEmployment":"2001-03-18T00:00:00","ImageFile":"female_003.jpg","Salary":20000},{"FullName":"Лебедев А. Д.","DateOfEmployment":"2003-04-06T00:00:00","ImageFile":"male_004.jpg","Salary":22000},{"FullName":"Снегирев Д. А.","DateOfEmployment":"2000-04-04T00:00:00","ImageFile":"male_009.jpg","Salary":24000},{"FullName":"Голубева А. П.","DateOfEmployment":"2018-08-17T00:00:00","ImageFile":"female_008.jpg","Salary":23000},{"FullName":"Лаврентьев Р. Д.","DateOfEmployment":"2009-10-08T00:00:00","ImageFile":"male_003.jpg","Salary":24000},{"FullName":"Назаров А. Т.","DateOfEmployment":"2015-10-14T00:00:00","ImageFile":"male_001.jpg","Salary":24000},{"FullName":"Пастухова К. Г.","DateOfEmployment":"2010-04-27T00:00:00","ImageFile":"female_009.jpg","Salary":25000},{"FullName":"Абрамов Л. Е.","DateOfEmployment":"2013-08-24T00:00:00","ImageFile":"male_007.jpg","Salary":22000},{"FullName":"Исакова Е. А.","DateOfEmployment":"2015-04-23T00:00:00","ImageFile":"female_004.jpg","Salary":24000},{"FullName":"Сафонова К. А.","DateOfEmployment":"2017-03-05T00:00:00","ImageFile":"female_007.jpg","Salary":20000}]