[{"Name":"Стиральная машина","VendorCode":334179,"Price":23500,"Quantity":29,"Image":"washing-machine.jpg","Id":936},{"Name":"Стиральная машина","VendorCode":294651,"Price":26400,"Quantity":19,"Image":"washing-machine.jpg","Id":937},{"Name":"Микроволновая печь","VendorCode":85856,"Price":10100,"Quantity":27,"Image":"microwave.jpg","Id":938},{"Name":"Стиральная машина","VendorCode":347880,"Price":19900,"Quantity":30,"Image":"washing-machine.jpg","Id":939},{"Name":"Пылесос","VendorCode":140381,"Price":5300,"Quantity":21,"Image":"vacuum_cleaner.jpg","Id":940},{"Name":"Пылесос","VendorCode":16656,"Price":21600,"Quantity":49,"Image":"vacuum_cleaner.jpg","Id":941},{"Name":"Стиральная машина","VendorCode":168406,"Price":20800,"Quantity":49,"Image":"washing-machine.jpg","Id":942},{"Name":"Стиральная машина","VendorCode":324599,"Price":28100,"Quantity":34,"Image":"washing-machine.jpg","Id":943},{"Name":"Пылесос","VendorCode":263756,"Price":5900,"Quantity":12,"Image":"vacuum_cleaner.jpg","Id":944},{"Name":"Стиральная машина","VendorCode":51728,"Price":6700,"Quantity":4,"Image":"washing-machine.jpg","Id":945},{"Name":"Стиральная машина","VendorCode":174633,"Price":7500,"Quantity":39,"Image":"washing-machine.jpg","Id":946},{"Name":"Микроволновая печь","VendorCode":350119,"Price":16700,"Quantity":43,"Image":"microwave.jpg","Id":947},{"Name":"Холодильник","VendorCode":318445,"Price":7200,"Quantity":29,"Image":"fridge.jpg","Id":948},{"Name":"Пылесос","VendorCode":150760,"Price":17300,"Quantity":44,"Image":"vacuum_cleaner.jpg","Id":949},{"Name":"Пылесос","VendorCode":31442,"Price":25700,"Quantity":26,"Image":"vacuum_cleaner.jpg","Id":950},{"Name":"Стиральная машина","VendorCode":63109,"Price":29600,"Quantity":42,"Image":"washing-machine.jpg","Id":951},{"Name":"Холодильник","VendorCode":360072,"Price":13600,"Quantity":18,"Image":"fridge.jpg","Id":952},{"Name":"Стиральная машина","VendorCode":469240,"Price":22500,"Quantity":18,"Image":"washing-machine.jpg","Id":953},{"Name":"Стиральная машина","VendorCode":83314,"Price":20400,"Quantity":8,"Image":"washing-machine.jpg","Id":954},{"Name":"Микроволновая печь","VendorCode":258115,"Price":13200,"Quantity":2,"Image":"microwave.jpg","Id":955},{"Name":"Стиральная машина","VendorCode":288048,"Price":25700,"Quantity":30,"Image":"washing-machine.jpg","Id":956},{"Name":"Холодильник","VendorCode":212760,"Price":26000,"Quantity":46,"Image":"fridge.jpg","Id":957},{"Name":"Микроволновая печь","VendorCode":376965,"Price":15600,"Quantity":11,"Image":"microwave.jpg","Id":958},{"Name":"Холодильник","VendorCode":123056,"Price":27000,"Quantity":46,"Image":"fridge.jpg","Id":959},{"Name":"Стиральная машина","VendorCode":106395,"Price":5400,"Quantity":40,"Image":"washing-machine.jpg","Id":960},{"Name":"Холодильник","VendorCode":366006,"Price":17800,"Quantity":34,"Image":"fridge.jpg","Id":961},{"Name":"Холодильник","VendorCode":201717,"Price":13800,"Quantity":3,"Image":"fridge.jpg","Id":962},{"Name":"Пылесос","VendorCode":393479,"Price":13600,"Quantity":6,"Image":"vacuum_cleaner.jpg","Id":963},{"Name":"Пылесос","VendorCode":344403,"Price":9000,"Quantity":32,"Image":"vacuum_cleaner.jpg","Id":964},{"Name":"Микроволновая печь","VendorCode":470756,"Price":29400,"Quantity":31,"Image":"microwave.jpg","Id":965},{"Name":"Холодильник","VendorCode":36461,"Price":25500,"Quantity":36,"Image":"fridge.jpg","Id":966},{"Name":"Пылесос","VendorCode":132266,"Price":12300,"Quantity":37,"Image":"vacuum_cleaner.jpg","Id":967},{"Name":"Стиральная машина","VendorCode":400078,"Price":23900,"Quantity":8,"Image":"washing-machine.jpg","Id":968},{"Name":"Пылесос","VendorCode":312890,"Price":6400,"Quantity":35,"Image":"vacuum_cleaner.jpg","Id":969},{"Name":"Микроволновая печь","VendorCode":250084,"Price":16500,"Quantity":29,"Image":"microwave.jpg","Id":970},{"Name":"Микроволновая печь","VendorCode":351716,"Price":29300,"Quantity":9,"Image":"microwave.jpg","Id":971},{"Name":"Пылесос","VendorCode":348626,"Price":28400,"Quantity":7,"Image":"vacuum_cleaner.jpg","Id":972},{"Name":"Микроволновая печь","VendorCode":177445,"Price":15300,"Quantity":27,"Image":"microwave.jpg","Id":973},{"Name":"Стиральная машина","VendorCode":295360,"Price":20000,"Quantity":36,"Image":"washing-machine.jpg","Id":974},{"Name":"Пылесос","VendorCode":343728,"Price":24900,"Quantity":47,"Image":"vacuum_cleaner.jpg","Id":975},{"Name":"Пылесос","VendorCode":344060,"Price":10400,"Quantity":6,"Image":"vacuum_cleaner.jpg","Id":976},{"Name":"Микроволновая печь","VendorCode":395346,"Price":11900,"Quantity":25,"Image":"microwave.jpg","Id":977},{"Name":"Холодильник","VendorCode":18297,"Price":18600,"Quantity":28,"Image":"fridge.jpg","Id":978},{"Name":"Пылесос","VendorCode":208219,"Price":17000,"Quantity":33,"Image":"vacuum_cleaner.jpg","Id":980}]