[{"$type":"Home_Work.Models.Figures.Rectangle, Home_Work","FigureType":"Прямоугольник","A":7.4633403726218654,"B":6.78172384755732,"Id":1},{"$type":"Home_Work.Models.Figures.Rectangle, Home_Work","FigureType":"Прямоугольник","A":6.462209753055676,"B":9.520428147949303,"Id":2},{"$type":"Home_Work.Models.Figures.Rectangle, Home_Work","FigureType":"Прямоугольник","A":6.566378753148323,"B":5.718443113399947,"Id":3},{"$type":"Home_Work.Models.Figures.Square, Home_Work","FigureType":"Квадрат","A":8.030931738116033,"Id":4},{"$type":"Home_Work.Models.Figures.Square, Home_Work","FigureType":"Квадрат","A":8.02884850697215,"Id":5},{"$type":"Home_Work.Models.Figures.Triangle, Home_Work","FigureType":"Треугольник","A":9.049489971059657,"B":6.0977569204591155,"C":8.558355601526385,"Id":6},{"$type":"Home_Work.Models.Figures.Square, Home_Work","FigureType":"Квадрат","A":8.801189762500481,"Id":7},{"$type":"Home_Work.Models.Figures.Square, Home_Work","FigureType":"Квадрат","A":5.94040301983641,"Id":8},{"$type":"Home_Work.Models.Figures.Square, Home_Work","FigureType":"Квадрат","A":5.608764552197092,"Id":9},{"$type":"Home_Work.Models.Figures.Square, Home_Work","FigureType":"Квадрат","A":7.452964148893039,"Id":10},{"$type":"Home_Work.Models.Figures.Triangle, Home_Work","FigureType":"Треугольник","A":8.203677803227446,"B":8.78697309081602,"C":8.952415995680274,"Id":11},{"$type":"Home_Work.Models.Figures.Square, Home_Work","FigureType":"Квадрат","A":6.8695777555341095,"Id":12},{"$type":"Home_Work.Models.Figures.Rectangle, Home_Work","FigureType":"Прямоугольник","A":5.4426358186469725,"B":5.9267160584499035,"Id":13},{"$type":"Home_Work.Models.Figures.Rectangle, Home_Work","FigureType":"Прямоугольник","A":6.0539793812413585,"B":6.8226207376755506,"Id":14},{"$type":"Home_Work.Models.Figures.Square, Home_Work","FigureType":"Квадрат","A":7.98920684769697,"Id":15},{"$type":"Home_Work.Models.Figures.Square, Home_Work","FigureType":"Квадрат","A":10.350126437666965,"Id":16},{"$type":"Home_Work.Models.Figures.Square, Home_Work","FigureType":"Квадрат","A":1.0,"Id":17},{"$type":"Home_Work.Models.Figures.Square, Home_Work","FigureType":"Квадрат","A":9.05589669618129,"Id":18},{"$type":"Home_Work.Models.Figures.Triangle, Home_Work","FigureType":"Треугольник","A":1.0,"B":1.0,"C":2.0,"Id":19}]