[{"Name":"Микроволновая печь","VendorCode":330130,"Price":28200,"Quantity":12,"Image":"microwave.jpg","Id":1},{"Name":"Микроволновая печь","VendorCode":139569,"Price":5300,"Quantity":6,"Image":"microwave.jpg","Id":2},{"Name":"Стиральная машина","VendorCode":159711,"Price":11300,"Quantity":10,"Image":"washing-machine.jpg","Id":3},{"Name":"Микроволновая печь","VendorCode":57209,"Price":18500,"Quantity":17,"Image":"microwave.jpg","Id":4},{"Name":"Микроволновая печь","VendorCode":494398,"Price":19200,"Quantity":24,"Image":"microwave.jpg","Id":5},{"Name":"Микроволновая печь","VendorCode":46502,"Price":29700,"Quantity":16,"Image":"microwave.jpg","Id":6},{"Name":"Стиральная машина","VendorCode":348297,"Price":14200,"Quantity":31,"Image":"washing-machine.jpg","Id":7},{"Name":"Холодильник","VendorCode":233691,"Price":17000,"Quantity":9,"Image":"fridge.jpg","Id":8},{"Name":"Стиральная машина","VendorCode":498436,"Price":27100,"Quantity":6,"Image":"washing-machine.jpg","Id":9},{"Name":"Холодильник","VendorCode":298233,"Price":5600,"Quantity":41,"Image":"fridge.jpg","Id":10}]