[{"$type":"Home_Work.Models.Figures.Square, Home_Work","FigureType":"Квадрат","A":9,"Id":1},{"$type":"Home_Work.Models.Figures.Square, Home_Work","FigureType":"Квадрат","A":9,"Id":2},{"$type":"Home_Work.Models.Figures.Triangle, Home_Work","FigureType":"Треугольник","A":6,"B":7,"C":7,"Id":3},{"$type":"Home_Work.Models.Figures.Triangle, Home_Work","FigureType":"Треугольник","A":5,"B":5,"C":5,"Id":4},{"$type":"Home_Work.Models.Figures.Rectangle, Home_Work","FigureType":"Прямоугольник","A":6,"B":5,"Id":5},{"$type":"Home_Work.Models.Figures.Triangle, Home_Work","FigureType":"Треугольник","A":6,"B":6,"C":9,"Id":6},{"$type":"Home_Work.Models.Figures.Square, Home_Work","FigureType":"Квадрат","A":6,"Id":7},{"$type":"Home_Work.Models.Figures.Triangle, Home_Work","FigureType":"Треугольник","A":5,"B":5,"C":5,"Id":8},{"$type":"Home_Work.Models.Figures.Square, Home_Work","FigureType":"Квадрат","A":8,"Id":9},{"$type":"Home_Work.Models.Figures.Triangle, Home_Work","FigureType":"Треугольник","A":10,"B":8,"C":6,"Id":10},{"$type":"Home_Work.Models.Figures.Square, Home_Work","FigureType":"Квадрат","A":6,"Id":11},{"$type":"Home_Work.Models.Figures.Square, Home_Work","FigureType":"Квадрат","A":6,"Id":12},{"$type":"Home_Work.Models.Figures.Square, Home_Work","FigureType":"Квадрат","A":7,"Id":1},{"$type":"Home_Work.Models.Figures.Rectangle, Home_Work","FigureType":"Прямоугольник","A":10,"B":7,"Id":2},{"$type":"Home_Work.Models.Figures.Rectangle, Home_Work","FigureType":"Прямоугольник","A":8,"B":5,"Id":3},{"$type":"Home_Work.Models.Figures.Triangle, Home_Work","FigureType":"Треугольник","A":2,"B":2,"C":2,"Id":13}]