[
  {
    "Id": 1,
    "Surname": "Фадеев",
    "Name": "Харитон",
    "Patronymic": "Агафонович",
    "Age": 42,
    "PhoneNumber": "+79491234511",
    "Email": "email1@gmail.com",
    "Password": "^OY^zKYY]EXN",
    "IsRegular": true,
    "Photo": "1.jpg",
    "ShortName": "Фадеев Х.А."
  },
  {
    "Id": 2,
    "Surname": "Кулаков",
    "Name": "Варлаам",
    "Patronymic": "Георгьевич",
    "Age": 54,
    "PhoneNumber": "+79491234512",
    "Email": "email2@gmail.com",
    "Password": "^OY^zKYY]EXN",
    "IsRegular": false,
    "Photo": "2.jpg",
    "ShortName": "Кулаков В.Г."
  },
  {
    "Id": 3,
    "Surname": "Якушев",
    "Name": "Матвей",
    "Patronymic": "Аркадьевич",
    "Age": 43,
    "PhoneNumber": "+79491234513",
    "Email": "email3@gmail.com",
    "Password": "^OY^zKYY]EXN",
    "IsRegular": true,
    "Photo": "3.jpg",
    "ShortName": "Якушев М.А."
  },
  {
    "Id": 4,
    "Surname": "Мамонтов",
    "Name": "Алексей",
    "Patronymic": "Геннадьевич",
    "Age": 21,
    "PhoneNumber": "+79491234514",
    "Email": "email4@gmail.com",
    "Password": "^OY^zKYY]EXN",
    "IsRegular": false,
    "Photo": "4.jpg",
    "ShortName": "Мамонтов А.Г."
  },
  {
    "Id": 5,
    "Surname": "Волков",
    "Name": "Вадим",
    "Patronymic": "Якунович",
    "Age": 24,
    "PhoneNumber": "+79491234515",
    "Email": "email5@gmail.com",
    "Password": "^OY^zKYY]EXN",
    "IsRegular": true,
    "Photo": "5.jpg",
    "ShortName": "Волков В.Я."
  },
  {
    "Id": 6,
    "Surname": "Архипов",
    "Name": "Севастьян",
    "Patronymic": "Эдуардович",
    "Age": 49,
    "PhoneNumber": "+79491234516",
    "Email": "email6@gmail.com",
    "Password": "^OY^zKYY]EXN",
    "IsRegular": false,
    "Photo": "6.jpg",
    "ShortName": "Архипов С.Э."
  },
  {
    "Id": 7,
    "Surname": "Лаврентьев",
    "Name": "Бенедикт",
    "Patronymic": "Игоревич",
    "Age": 35,
    "PhoneNumber": "+79491234517",
    "Email": "email7@gmail.com",
    "Password": "^OY^zKYY]EXN",
    "IsRegular": true,
    "Photo": "7.jpg",
    "ShortName": "Лаврентьев Б.И."
  },
  {
    "Id": 8,
    "Surname": "Калашников",
    "Name": "Леонард",
    "Patronymic": "Ростиславович",
    "Age": 41,
    "PhoneNumber": "+79491234518",
    "Email": "email8@gmail.com",
    "Password": "^OY^zKYY]EXN",
    "IsRegular": false,
    "Photo": "8.jpg",
    "ShortName": "Калашников Л.Р."
  },
  {
    "Id": 9,
    "Surname": "Горбачёва",
    "Name": "Вилора",
    "Patronymic": "Михайловна",
    "Age": 47,
    "PhoneNumber": "+79491234519",
    "Email": "email9@gmail.com",
    "Password": "^OY^zKYY]EXN",
    "IsRegular": true,
    "Photo": "9.jpg",
    "ShortName": "Горбачёва В.М."
  },
  {
    "Id": 10,
    "Surname": "Белозёрова",
    "Name": "Снежана",
    "Patronymic": "Вадимовна",
    "Age": 22,
    "PhoneNumber": "+79491234520",
    "Email": "email10@gmail.com",
    "Password": "^OY^zKYY]EXN",
    "IsRegular": false,
    "Photo": "10.jpg",
    "ShortName": "Белозёрова С.В."
  },
  {
    "Id": 11,
    "Surname": "Журавлёва",
    "Name": "Гражина",
    "Patronymic": "Наумовна",
    "Age": 27,
    "PhoneNumber": "+79491234521",
    "Email": "email11@gmail.com",
    "Password": "^OY^zKYY]EXN",
    "IsRegular": true,
    "Photo": "11.jpg",
    "ShortName": "Журавлёва Г.Н."
  },
  {
    "Id": 12,
    "Surname": "Павлова",
    "Name": "Милда",
    "Patronymic": "Валерьевна",
    "Age": 36,
    "PhoneNumber": "+79491234522",
    "Email": "email12@gmail.com",
    "Password": "^OY^zKYY]EXN",
    "IsRegular": false,
    "Photo": "12.jpg",
    "ShortName": "Павлова М.В."
  },
  {
    "Id": 13,
    "Surname": "Орехова",
    "Name": "Эрика",
    "Patronymic": "Агафоновна",
    "Age": 20,
    "PhoneNumber": "+79491234523",
    "Email": "email13@gmail.com",
    "Password": "^OY^zKYY]EXN",
    "IsRegular": true,
    "Photo": "13.jpg",
    "ShortName": "Орехова Э.А."
  },
  {
    "Id": 14,
    "Surname": "Данилова",
    "Name": "Северина",
    "Patronymic": "Львовна",
    "Age": 34,
    "PhoneNumber": "+79491234524",
    "Email": "email14@gmail.com",
    "Password": "^OY^zKYY]EXN",
    "IsRegular": false,
    "Photo": "14.jpg",
    "ShortName": "Данилова С.Л."
  },
  {
    "Id": 15,
    "Surname": "Брагина",
    "Name": "Анжелика",
    "Patronymic": "Кирилловна",
    "Age": 50,
    "PhoneNumber": "+79491234525",
    "Email": "email15@gmail.com",
    "Password": "^OY^zKYY]EXN",
    "IsRegular": true,
    "Photo": "15.jpg",
    "ShortName": "Брагина А.К."
  }
]