[{"Id":1,"Surname":"Игнатов","Name":"Лев","Patronymic":"Протасьевич","DateOfBirth":"2003-02-12T00:00:00","Category":"A","InstructorToSelectListItem":"1. Игнатов Лев Протасьевич, категория: A"},{"Id":2,"Surname":"Емельянов","Name":"Лука","Patronymic":"Святославович","DateOfBirth":"2006-09-13T00:00:00","Category":"B","InstructorToSelectListItem":"2. Емельянов Лука Святославович, категория: B"},{"Id":3,"Surname":"Дмитриева","Name":"Фрида","Patronymic":"Юрьевна","DateOfBirth":"2008-05-24T00:00:00","Category":"A","InstructorToSelectListItem":"3. Дмитриева Фрида Юрьевна, категория: A"},{"Id":4,"Surname":"Одинцов","Name":"Адам","Patronymic":"Еремеевич","DateOfBirth":"2005-04-17T00:00:00","Category":"C","InstructorToSelectListItem":"4. Одинцов Адам Еремеевич, категория: C"},{"Id":5,"Surname":"Федосеева","Name":"Аурелия","Patronymic":"Геннадьевна","DateOfBirth":"2001-10-05T00:00:00","Category":"C","InstructorToSelectListItem":"5. Федосеева Аурелия Геннадьевна, категория: C"}]