[{"Id":1,"StartPoint":"Черновцы","MiddlePoint":"Залещики","EndPoint":"Нырков","Length":55,"Difficulty":"A+","InstructorId":3},{"Id":2,"StartPoint":"Коростень","MiddlePoint":"Новоград-Волынский","EndPoint":"Корец","Length":30,"Difficulty":"B+","InstructorId":5},{"Id":3,"StartPoint":"Ужгород","MiddlePoint":"Невицкое","EndPoint":"Карпаты","Length":80,"Difficulty":"C+","InstructorId":2},{"Id":4,"StartPoint":"Коростень","MiddlePoint":"Новоград-Волынский","EndPoint":"Корец","Length":30,"Difficulty":"C","InstructorId":3},{"Id":5,"StartPoint":"Винница","MiddlePoint":"Тульчин","EndPoint":"Буша","Length":90,"Difficulty":"A-","InstructorId":2},{"Id":6,"StartPoint":"Батурин","MiddlePoint":"Тростянец","EndPoint":"Качановка","Length":143,"Difficulty":"A+","InstructorId":4},{"Id":7,"StartPoint":"Херсон","MiddlePoint":"Олешковские пески","EndPoint":"Аскания-Нова","Length":167,"Difficulty":"A+","InstructorId":2},{"Id":8,"StartPoint":"Урыч","MiddlePoint":"Розгирче","EndPoint":"Бубнище","Length":100,"Difficulty":"B-","InstructorId":3},{"Id":9,"StartPoint":"Киев","MiddlePoint":"Буки","EndPoint":"Умань","Length":80,"Difficulty":"C","InstructorId":1},{"Id":10,"StartPoint":"Каменец-Подольский","MiddlePoint":"Кривче","EndPoint":"Хотин","Length":55,"Difficulty":"A","InstructorId":4},{"Id":11,"StartPoint":"Луцк","MiddlePoint":"Дубно","EndPoint":"Клевань","Length":70,"Difficulty":"A","InstructorId":2},{"Id":12,"StartPoint":"Батурин","MiddlePoint":"Тростянец","EndPoint":"Качановка","Length":143,"Difficulty":"C-","InstructorId":1},{"Id":13,"StartPoint":"Винница","MiddlePoint":"Тульчин","EndPoint":"Буша","Length":90,"Difficulty":"A","InstructorId":1},{"Id":14,"StartPoint":"Батурин","MiddlePoint":"Тростянец","EndPoint":"Качановка","Length":143,"Difficulty":"A","InstructorId":3},{"Id":15,"StartPoint":"Батурин","MiddlePoint":"Тростянец","EndPoint":"Качановка","Length":143,"Difficulty":"A-","InstructorId":2},{"Id":16,"StartPoint":"Винница","MiddlePoint":"Тульчин","EndPoint":"Буша","Length":90,"Difficulty":"A-","InstructorId":5},{"Id":17,"StartPoint":"Винница","MiddlePoint":"Тульчин","EndPoint":"Буша","Length":90,"Difficulty":"B+","InstructorId":3},{"Id":18,"StartPoint":"Коростень","MiddlePoint":"Новоград-Волынский","EndPoint":"Корец","Length":30,"Difficulty":"C-","InstructorId":3},{"Id":19,"StartPoint":"Херсон","MiddlePoint":"Олешковские пески","EndPoint":"Аскания-Нова","Length":167,"Difficulty":"A-","InstructorId":4},{"Id":20,"StartPoint":"Луцк","MiddlePoint":"Дубно","EndPoint":"Клевань","Length":70,"Difficulty":"A-","InstructorId":4}]