[
  {
    "Id": 1,
    "PhotoFile": "man_001.jpg",
    "Surname": "Михалков",
    "Name": "Алексей",
    "Patronymic": "Филиппович",
    "Age": 36,
    "PhoneNumber": "+380 71 345 091",
    "Email": "user1@gmail.com",
    "Password": "\u001b\u0018ZKYY\u001f\u001b",
    "IsConstant": true
  },
  {
    "Id": 2,
    "PhotoFile": "man_002.jpg",
    "Surname": "Пелых",
    "Name": "Михаил",
    "Patronymic": "Созонович",
    "Age": 25,
    "PhoneNumber": "+380 71 345 091",
    "Email": "user2@gmail.com",
    "Password": "\u001b\u0018ZKYY\u001f\u0018",
    "IsConstant": false
  },
  {
    "Id": 3,
    "PhotoFile": "man_003.jpg",
    "Surname": "Карпов",
    "Name": "Станислав",
    "Patronymic": "Кириллович",
    "Age": 39,
    "PhoneNumber": "+380 71 334 145",
    "Email": "user3@gmail.com",
    "Password": "\u001b\u0018ZKYY\u001f\u0019",
    "IsConstant": false
  },
  {
    "Id": 4,
    "PhotoFile": "man_004.jpg",
    "Surname": "Хавалджи",
    "Name": "Мстислав ",
    "Patronymic": "Евгеньевич",
    "Age": 57,
    "PhoneNumber": "+380 71 897 091",
    "Email": "user4@gmail.com",
    "Password": "\u001b\u0018ZKYY\u001f\u001e",
    "IsConstant": false
  },
  {
    "Id": 5,
    "PhotoFile": "man_005.jpg",
    "Surname": "Пархоменко",
    "Name": "Алексей",
    "Patronymic": "Тимофеевич",
    "Age": 31,
    "PhoneNumber": "+380 50 345 555",
    "Email": "user5@gmail.com",
    "Password": "\u001b\u0018ZKYY\u001f\u001f",
    "IsConstant": true
  },
  {
    "Id": 6,
    "PhotoFile": "man_006.jpg",
    "Surname": "Ковалёв",
    "Name": "Авраам",
    "Patronymic": "Эдуардович",
    "Age": 41,
    "PhoneNumber": "+380 71 897 345",
    "Email": "user6@gmail.com",
    "Password": "\u001b\u0018ZKYY\u001f\u001c",
    "IsConstant": false
  },
  {
    "Id": 7,
    "PhotoFile": "man_007.jpg",
    "Surname": "Попов",
    "Name": "Матвей",
    "Patronymic": "Никитевич",
    "Age": 47,
    "PhoneNumber": "+380 66 345 765",
    "Email": "user7@gmail.com",
    "Password": "\u001b\u0018ZKYY\u001f\u001d",
    "IsConstant": true
  },
  {
    "Id": 8,
    "PhotoFile": "man_008.jpg",
    "Surname": "Степанов",
    "Name": "Станислав",
    "Patronymic": "Валерьевич",
    "Age": 24,
    "PhoneNumber": "+380 71 454 654",
    "Email": "user8@gmail.com",
    "Password": "\u001b\u0018ZKYY\u001f\u0012",
    "IsConstant": true
  },
  {
    "Id": 9,
    "PhotoFile": "woman_001.jpg",
    "Surname": "Блинова",
    "Name": "Валентина",
    "Patronymic": "Мироновна",
    "Age": 32,
    "PhoneNumber": "+380 71 815 345",
    "Email": "user9@gmail.com",
    "Password": "\u001b\u0018ZKYY\u001f\u0013",
    "IsConstant": true
  },
  {
    "Id": 10,
    "PhotoFile": "woman_002.jpg",
    "Surname": "Баранова",
    "Name": "Дарья",
    "Patronymic": "Борисовна",
    "Age": 26,
    "PhoneNumber": "+380 71 323 123",
    "Email": "user10@gmail.com",
    "Password": "\u001b\u0018ZKYY\u001c\u001a",
    "IsConstant": true
  },
  {
    "Id": 11,
    "PhotoFile": "woman_007.jpg",
    "Surname": "Щукина",
    "Name": "Богдана",
    "Patronymic": "Пётровна",
    "Age": 35,
    "PhoneNumber": "+380 71 233 091",
    "Email": "user11@gmail.com",
    "Password": "\u001b\u0018ZKYY\u001c\u001b",
    "IsConstant": false
  },
  {
    "Id": 12,
    "PhotoFile": "man_009.jpg",
    "Surname": "Комаров",
    "Name": "Август",
    "Patronymic": "Робертович",
    "Age": 40,
    "PhoneNumber": "+380 71 097 091",
    "Email": "user12@gmail.com",
    "Password": "\u001b\u0018ZKYY\u001c\u0018",
    "IsConstant": true
  }
]