[{"Id":1,"Author":"Джон Сонмез","Title":"Путь программиста","PubYear":2016,"Count":8,"Price":1300,"FileName":"book-path-programmer.jpg"},{"Id":2,"Author":"Ямамото Цунэтомо","Title":"Путь самурая (Хагакурэ)","PubYear":2019,"Count":7,"Price":1400,"FileName":"book-samurai.jpg"},{"Id":3,"Author":"Стив Макконнелл","Title":"Совершенный код","PubYear":1993,"Count":9,"Price":1300,"FileName":"book-1.jpg"},{"Id":4,"Author":"Эрвин Кнут","Title":"Искусство программирования","PubYear":1968,"Count":7,"Price":1000,"FileName":"book-2.jpg"},{"Id":5,"Author":"Кент Бек","Title":"Refactoring","PubYear":1999,"Count":6,"Price":1000,"FileName":"book-3.jpg"},{"Id":6,"Author":"Брюс Эккель","Title":"Философия Java","PubYear":1998,"Count":9,"Price":1000,"FileName":"book-4.jpg"},{"Id":7,"Author":"Анна Фролова","Title":"Собачье счастье","PubYear":2021,"Count":9,"Price":1300,"FileName":"book-5.jpg"},{"Id":8,"Author":"Чиннатхамби Кирупа","Title":"JavaScript с нуля","PubYear":2021,"Count":6,"Price":1200,"FileName":"book-6.jpg"},{"Id":9,"Author":"Эрих Гамма","Title":"Design Patterns","PubYear":1994,"Count":9,"Price":1200,"FileName":"book-7.jpg"},{"Id":10,"Author":"Эрик Фриман","Title":"Паттерны проектирования","PubYear":2004,"Count":7,"Price":1400,"FileName":"book-8.jpg"}]