[{"_password":"\u001b\u0018\u0019\u001e\u001f\u001c\u001d\u0012\u0013","Id":1,"Surname":"Михайлов","Name":"Аверкий","Patronymic":"Онисимович","YearsOld":26,"TelNumber":"+380-66-365-06-05","Mail":"mikhailov@gmail.com","IsActive":true,"ImageFile":"male_001.jpg"},{"_password":"YBKYBAE\\\u001d\u0012\u001e","Id":3,"Surname":"Шашков","Name":"Аристарх","Patronymic":"Геннадиевич","YearsOld":21,"TelNumber":"+380-99-151-65-86","Mail":"shashkov@mail.ru","IsActive":false,"ImageFile":"male_003.jpg"},{"_password":"YKLEDE\\\u0013\u001e\u0019","Id":4,"Surname":"Сафонов","Name":"Денис","Patronymic":"Андреевич","YearsOld":24,"TelNumber":"+380-99-571-62-12","Mail":"safonov@gmail.com","IsActive":true,"ImageFile":"male_004.jpg"},{"_password":"ZKDE\\\u001f\u001e\u0018","Id":5,"Surname":"Панов","Name":"Самуил","Patronymic":"Евгеньевич","YearsOld":31,"TelNumber":"+380-50-152-22-89","Mail":"panov@outlook.com","IsActive":true,"ImageFile":"male_005.jpg"},{"_password":"MEXH_DE\\\u001c\u001f\u0018","Id":6,"Surname":"Горбунов","Name":"Соломон","Patronymic":"Анатольевич","YearsOld":32,"TelNumber":"+380-50-954-12-75","Mail":"gorbunov@outlook.com","IsActive":false,"ImageFile":"male_006.jpg"},{"_password":"ZXEBEXE\\\u001d\u001e\u001b","Id":7,"Surname":"Прохоров","Name":"Модест","Patronymic":"Тимурович","YearsOld":22,"TelNumber":"+380-66-132-32-62","Mail":"prohorov@gmail.com","IsActive":true,"ImageFile":"male_007.jpg"},{"_password":"MXCYBCD\u001c\u001f\u0019","Id":8,"Surname":"Гришин","Name":"Агафон","Patronymic":"Созонович","YearsOld":26,"TelNumber":"+380-66-774-21-86","Mail":"grishin@mail.ru","IsActive":true,"ImageFile":"male_008.jpg"},{"_password":"GOXA_YBO\\\u001d\u001c\u0019","Id":9,"Surname":"Меркушев","Name":"Власий","Patronymic":"Владленович","YearsOld":32,"TelNumber":"+380-50-954-36-22","Mail":"merkushev@gmail.com","IsActive":false,"ImageFile":"male_009.jpg"},{"_password":"HKXKDE\\\u001d\u0012\u001d","Id":10,"Surname":"Баранов","Name":"Казимир","Patronymic":"Григорьевич","YearsOld":33,"TelNumber":"+380-99-442-70-21","Mail":"baranov@gmail.com","IsActive":true,"ImageFile":"male_010.jpg"},{"_password":"Y_\\EXE\\K\u001d\u001c\u001f","Id":11,"Surname":"Суворова","Name":"Диодора","Patronymic":"Викторовна","YearsOld":21,"TelNumber":"+380-99-945-38-79","Mail":"suvorova@gmail.com","IsActive":false,"ImageFile":"female_001.jpg"},{"_password":"DOAXKYE\\K\u0013\u001f\u0019","Id":12,"Surname":"Некрасова","Name":"Вера","Patronymic":"Денисовна","YearsOld":34,"TelNumber":"+380-66-212-17-61","Mail":"nekrasova@outlook.com","IsActive":true,"ImageFile":"female_002.jpg"}]