[{"Id":1,"Surname":"Григорьева","Name":"Ева","Patronymic":"Семёновна","DateOfBirth":"2002-10-28T00:00:00","Category":"B","InstructorToString":"1. Григорьева Ева Семёновна, категория: B"},{"Id":2,"Surname":"Буров","Name":"Модест","Patronymic":"Матвеевич","DateOfBirth":"2005-12-17T00:00:00","Category":"C","InstructorToString":"2. Буров Модест Матвеевич, категория: C"},{"Id":3,"Surname":"Кононов","Name":"Влас","Patronymic":"Витальевич","DateOfBirth":"1995-07-07T00:00:00","Category":"B","InstructorToString":"3. Кононов Влас Витальевич, категория: B"},{"Id":4,"Surname":"Попова","Name":"Ирэна","Patronymic":"Донатовна","DateOfBirth":"1999-06-22T00:00:00","Category":"B","InstructorToString":"4. Попова Ирэна Донатовна, категория: B"},{"Id":5,"Surname":"Князев","Name":"Аверьян","Patronymic":"Еремеевич","DateOfBirth":"2000-03-24T00:00:00","Category":"C","InstructorToString":"5. Князев Аверьян Еремеевич, категория: C"}]