[{"Id":1,"StartPoint":"Винница","MiddlePoint":"Тульчин","EndPoint":"Буша","Length":90,"Difficulty":"A","InstructorId":1},{"Id":2,"StartPoint":"Батурин","MiddlePoint":"Тростянец","EndPoint":"Качановка","Length":143,"Difficulty":"C+","InstructorId":3},{"Id":3,"StartPoint":"Винница","MiddlePoint":"Тульчин","EndPoint":"Буша","Length":90,"Difficulty":"C+","InstructorId":3},{"Id":4,"StartPoint":"Ужгород","MiddlePoint":"Невицкое","EndPoint":"Карпаты","Length":80,"Difficulty":"B-","InstructorId":1},{"Id":5,"StartPoint":"Каменец-Подольский","MiddlePoint":"Кривче","EndPoint":"Хотин","Length":55,"Difficulty":"A-","InstructorId":4},{"Id":6,"StartPoint":"Урыч","MiddlePoint":"Розгирче","EndPoint":"Бубнище","Length":100,"Difficulty":"B-","InstructorId":2},{"Id":7,"StartPoint":"Ужгород","MiddlePoint":"Невицкое","EndPoint":"Карпаты","Length":80,"Difficulty":"B-","InstructorId":1},{"Id":8,"StartPoint":"Черновцы","MiddlePoint":"Залещики","EndPoint":"Нырков","Length":55,"Difficulty":"C-","InstructorId":3},{"Id":9,"StartPoint":"Каменец-Подольский","MiddlePoint":"Кривче","EndPoint":"Хотин","Length":55,"Difficulty":"C-","InstructorId":5},{"Id":10,"StartPoint":"Батурин","MiddlePoint":"Тростянец","EndPoint":"Качановка","Length":143,"Difficulty":"B+","InstructorId":1},{"Id":11,"StartPoint":"Черновцы","MiddlePoint":"Залещики","EndPoint":"Нырков","Length":55,"Difficulty":"C-","InstructorId":4},{"Id":12,"StartPoint":"Киев","MiddlePoint":"Буки","EndPoint":"Умань","Length":80,"Difficulty":"C-","InstructorId":5},{"Id":13,"StartPoint":"Батурин","MiddlePoint":"Тростянец","EndPoint":"Качановка","Length":143,"Difficulty":"A","InstructorId":4},{"Id":14,"StartPoint":"Черновцы","MiddlePoint":"Залещики","EndPoint":"Нырков","Length":55,"Difficulty":"C-","InstructorId":4},{"Id":15,"StartPoint":"Киев","MiddlePoint":"Буки","EndPoint":"Умань","Length":80,"Difficulty":"B","InstructorId":2},{"Id":16,"StartPoint":"Урыч","MiddlePoint":"Розгирче","EndPoint":"Бубнище","Length":100,"Difficulty":"A-","InstructorId":1},{"Id":17,"StartPoint":"Коростень","MiddlePoint":"Новоград-Волынский","EndPoint":"Корец","Length":30,"Difficulty":"C","InstructorId":3},{"Id":18,"StartPoint":"Винница","MiddlePoint":"Тульчин","EndPoint":"Буша","Length":90,"Difficulty":"A+","InstructorId":5},{"Id":19,"StartPoint":"Ужгород","MiddlePoint":"Невицкое","EndPoint":"Карпаты","Length":80,"Difficulty":"C-","InstructorId":3},{"Id":20,"StartPoint":"Коростень","MiddlePoint":"Новоград-Волынский","EndPoint":"Корец","Length":30,"Difficulty":"C","InstructorId":2}]