[{"Title":"Стиральная машина","Type":"Крупная быт.техника","VendorCode":"OC8532","Price":34000,"Amount":3,"Image":"appliance01.jpg"},{"Title":"Духовой шкаф","Type":"Крупная быт.техника","VendorCode":"OC8642","Price":31000,"Amount":2,"Image":"appliance02.jpg"},{"Title":"Электрический чайник","Type":"Мелкая быт.техника","VendorCode":"BK2591","Price":1500,"Amount":5,"Image":"appliance03.jpg"},{"Title":"Фен","Type":"Мелкая быт.техника","VendorCode":"BK8368","Price":5050,"Amount":7,"Image":"appliance04.jpg"},{"Title":"Пылесос","Type":"Мелкая быт.техника","VendorCode":"BK8420","Price":6300,"Amount":3,"Image":"appliance05.jpg"},{"Title":"Кухонный комбайн","Type":"Крупная быт.техника","VendorCode":"OC8523","Price":8200,"Amount":2,"Image":"appliance06.jpg"},{"Title":"Микроволновая печь","Type":"Мелкая быт.техника","VendorCode":"BK8307","Price":4000,"Amount":4,"Image":"appliance07.jpg"},{"Title":"Мультиварка","Type":"Мелкая быт.техника","VendorCode":"BK8592","Price":5400,"Amount":2,"Image":"appliance08.jpg"},{"Title":"Холодильник","Type":"Крупная быт.техника","VendorCode":"OC9132","Price":44000,"Amount":3,"Image":"appliance09.jpg"},{"Title":"Посудомоечная машина","Type":"Крупная быт.техника","VendorCode":"OC8824","Price":36000,"Amount":2,"Image":"appliance10.jpg"},{"Title":"Телевизор","Type":"Крупная быт.техника","VendorCode":"OC4612","Price":28000,"Amount":4,"Image":"appliance11.jpg"},{"Title":"Кондиционер","Type":"Крупная быт.техника","VendorCode":"OC9524","Price":26400,"Amount":5,"Image":"appliance12.jpg"}]