[{"Name":"eferreferf","Type":"холодильник","VendorCode":"475555","Price":56666,"Amount":45,"FileName":"fridge_001.jpg"},{"Name":"PHILIPS HD3136/03","Type":"мультиварка","VendorCode":"059166","Price":6000,"Amount":7,"FileName":"multicooker_001.jpg"},{"Name":"Philips XB2125/09","Type":"пылесос","VendorCode":"087104","Price":6000,"Amount":11,"FileName":"cleaner_001.jpg"},{"Name":"BOSCH KGN39UL316","Type":"холодильник","VendorCode":"087550","Price":40000,"Amount":4,"FileName":"fridge_001.jpg"},{"Name":"RZTK Cyclone 30","Type":"пылесос","VendorCode":"059181","Price":4000,"Amount":5,"FileName":"cleaner_003.jpg"},{"Name":"MOULINEX CE430834","Type":"мультиварка","VendorCode":"044261","Price":12000,"Amount":7,"FileName":"multicooker_002.jpg"},{"Name":"Philips XB2125/09","Type":"пылесос","VendorCode":"092079","Price":6000,"Amount":2,"FileName":"cleaner_001.jpg"},{"Name":"Samsung VC07M31D3HU","Type":"пылесос","VendorCode":"090544","Price":6000,"Amount":12,"FileName":"cleaner_002.jpg"},{"Name":"BEKO RCNA366K30W","Type":"холодильник","VendorCode":"009113","Price":35000,"Amount":11,"FileName":"fridge_002.jpg"},{"Name":"BOSCH KGN39VI306","Type":"холодильник","VendorCode":"083703","Price":44000,"Amount":9,"FileName":"fridge_003.jpg"}]