[{"Type":"линейный корабль","Name":"Виктория","Length":69.34,"Width":15.8,"Displacement":3556.0,"Year":1765,"Image":"victory.jpg"},{"Type":"линейный корабль","Name":"Три святителя","Length":63.4,"Width":17.3,"Displacement":4700.0,"Year":1838,"Image":"tri_sviatitelia.jpg"},{"Type":"чайный клиппер","Name":"Катти Сарк","Length":85.4,"Width":10.97,"Displacement":2133.0,"Year":1869,"Image":"cuttysark.jpg"},{"Type":"чайный клиппер","Name":"Фермопилы","Length":64.7,"Width":11.0,"Displacement":991.0,"Year":1869,"Image":"thermopylae.jpg"},{"Type":"барк","Name":"Крузенштерн","Length":114.5,"Width":14.0,"Displacement":1645.0,"Year":1926,"Image":"kruzenstern.jpg"},{"Type":"барк","Name":"Товарищ","Length":88.0,"Width":12.7,"Displacement":4750.0,"Year":1892,"Image":"camrad.jpg"}]