﻿{"Id":0,"Name":"Рога и Копыта","Workers":[{"Id":1,"Fullname":"Павловская Т.А.","JoinDate":"2012-12-22T00:00:00","Photo":"woman001.jpg","Salary":36000},{"Id":2,"Fullname":"Златопольский Д.М.","JoinDate":"2016-03-11T00:00:00","Photo":"man001.jpg","Salary":32000},{"Id":3,"Fullname":"Чулюков В.А.","JoinDate":"2015-06-18T00:00:00","Photo":"man002.jpg","Salary":34000},{"Id":4,"Fullname":"Васильев А.В.","JoinDate":"2015-04-06T00:00:00","Photo":"man003.jpg","Salary":33000},{"Id":5,"Fullname":"Астраханская А.А.","JoinDate":"2014-07-10T00:00:00","Photo":"woman002.jpg","Salary":32000},{"Id":6,"Fullname":"Фленова М.Е.","JoinDate":"2018-11-13T00:00:00","Photo":"woman003.jpg","Salary":33600},{"Id":7,"Fullname":"Фаронов В.В.","JoinDate":"2012-02-28T00:00:00","Photo":"man004.jpg","Salary":47800},{"Id":8,"Fullname":"Фролов А.В.","JoinDate":"2013-09-17T00:00:00","Photo":"man005.jpg","Salary":38200},{"Id":9,"Fullname":"Евдокимова П.В.","JoinDate":"2019-04-12T00:00:00","Photo":"woman004.jpg","Salary":42420},{"Id":10,"Fullname":"Жаркова В.А.","JoinDate":"2019-04-26T00:00:00","Photo":"woman005.jpg","Salary":40800},{"Id":11,"Fullname":"Пугачев С.В.","JoinDate":"2019-04-17T00:00:00","Photo":"man006.jpg","Salary":39100},{"Id":12,"Fullname":"Подбельская В.В.","JoinDate":"2019-04-11T00:00:00","Photo":"woman006.jpg","Salary":39900}]}