[
  {
    "Id": 2,
    "Image": "cover2.jpg",
    "Author": "К. Бейтс",
    "Title": "Изучаем Java",
    "Year": 2019,
    "Amount": 11,
    "Price": 500
  },
  {
    "Id": 3,
    "Image": "cover3.jpg",
    "Author": "Васильев А.Н.",
    "Title": "Программирование на JavaScript",
    "Year": 2019,
    "Amount": 22,
    "Price": 1100
  },
  {
    "Id": 4,
    "Image": "cover4.jpg",
    "Author": "Радченко Н.А.",
    "Title": "1С: Предприятие. Практическое пособие разработчика",
    "Year": 2012,
    "Amount": 40,
    "Price": 900
  },
  {
    "Id": 5,
    "Image": "cover5.jpg",
    "Author": "Джон Сонмез",
    "Title": "Путь программиста",
    "Year": 2016,
    "Amount": 39,
    "Price": 1000
  },
  {
    "Id": 6,
    "Image": "cover6.jpg",
    "Author": "Ямамото Цунэтомо",
    "Title": "Путь самурая (Хагакурэ)",
    "Year": 2019,
    "Amount": 19,
    "Price": 1200
  },
  {
    "Id": 7,
    "Image": "cover7.jpg",
    "Author": "Стив Макконнелл",
    "Title": "Совершенный код",
    "Year": 1993,
    "Amount": 36,
    "Price": 800
  },
  {
    "Id": 8,
    "Image": "cover8.jpg",
    "Author": "Эрвин Кнут",
    "Title": "Искусство программирования",
    "Year": 1968,
    "Amount": 16,
    "Price": 1900
  },
  {
    "Id": 9,
    "Image": "cover9.jpg",
    "Author": "Кент Бек",
    "Title": "Refactoring",
    "Year": 1999,
    "Amount": 21,
    "Price": 1800
  },
  {
    "Id": 10,
    "Image": "cover10.jpg",
    "Author": "Брюс Эккель",
    "Title": "Философия Java",
    "Year": 1998,
    "Amount": 4,
    "Price": 1600
  },
  {
    "Id": 11,
    "Image": "cover11.jpg",
    "Author": "Анна Фролова",
    "Title": "Собачье счастье",
    "Year": 2021,
    "Amount": 1,
    "Price": 800
  },
  {
    "Id": 12,
    "Image": "cover12.jpg",
    "Author": "Чиннатхамби Кирупа",
    "Title": "JavaScript с нуля",
    "Year": 2021,
    "Amount": 36,
    "Price": 1600
  },
  {
    "Id": 13,
    "Image": "cover13.jpg",
    "Author": "Эрих Гамма",
    "Title": "Design Patterns",
    "Year": 1994,
    "Amount": 24,
    "Price": 1100
  },
  {
    "Id": 14,
    "Image": "cover14.jpg",
    "Author": "Эрик Фриман",
    "Title": "Паттерны проектирования",
    "Year": 2004,
    "Amount": 8,
    "Price": 1300
  },
  {
    "Id": 15,
    "Image": "cover10.jpg",
    "Author": "Брюс Эккель",
    "Title": "Философия Java",
    "Year": 1998,
    "Amount": 19,
    "Price": 1400
  }
]