{
  "Count": 60,
  "Next": "https://swapi.dev/api/planets/?page=2&format=json",
  "PlanetsList": [
    {
      "Id": 1,
      "name": "Tatooine",
      "rotation_period": "23",
      "RotationPeriodInt": 23,
      "orbital_period": "304",
      "OrbitalPeriodInt": 304,
      "diameter": "10465",
      "DiameterInt": 10465,
      "climate": "arid",
      "gravity": "1 standard",
      "GravityNumeric": 1.0,
      "terrain": "desert",
      "surface_water": "1",
      "population": "200000",
      "residents": [
        "Luke Skywalker",
        "C-3PO",
        "Darth Vader",
        "Owen Lars",
        "Beru Whitesun lars",
        "R5-D4",
        "Biggs Darklighter",
        "Anakin Skywalker",
        "Shmi Skywalker",
        "Cliegg Lars"
      ],
      "created": "2014-12-09T13:50:49.641Z",
      "edited": "2014-12-20T20:58:18.411Z",
      "url": "https://swapi.dev/api/planets/1/"
    },
    {
      "Id": 2,
      "name": "Alderaan",
      "rotation_period": "24",
      "RotationPeriodInt": 24,
      "orbital_period": "364",
      "OrbitalPeriodInt": 364,
      "diameter": "12500",
      "DiameterInt": 12500,
      "climate": "temperate",
      "gravity": "1 standard",
      "GravityNumeric": 1.0,
      "terrain": "grasslands, mountains",
      "surface_water": "40",
      "population": "2000000000",
      "residents": [
        "Leia Organa",
        "Bail Prestor Organa",
        "Raymus Antilles"
      ],
      "created": "2014-12-10T11:35:48.479Z",
      "edited": "2014-12-20T20:58:18.42Z",
      "url": "https://swapi.dev/api/planets/2/"
    },
    {
      "Id": 3,
      "name": "Yavin IV",
      "rotation_period": "24",
      "RotationPeriodInt": 24,
      "orbital_period": "4818",
      "OrbitalPeriodInt": 4818,
      "diameter": "10200",
      "DiameterInt": 10200,
      "climate": "temperate, tropical",
      "gravity": "1 standard",
      "GravityNumeric": 1.0,
      "terrain": "jungle, rainforests",
      "surface_water": "8",
      "population": "1000",
      "residents": [],
      "created": "2014-12-10T11:37:19.144Z",
      "edited": "2014-12-20T20:58:18.421Z",
      "url": "https://swapi.dev/api/planets/3/"
    },
    {
      "Id": 4,
      "name": "Hoth",
      "rotation_period": "23",
      "RotationPeriodInt": 23,
      "orbital_period": "549",
      "OrbitalPeriodInt": 549,
      "diameter": "7200",
      "DiameterInt": 7200,
      "climate": "frozen",
      "gravity": "1.1 standard",
      "GravityNumeric": 1.1,
      "terrain": "tundra, ice caves, mountain ranges",
      "surface_water": "100",
      "population": "unknown",
      "residents": [],
      "created": "2014-12-10T11:39:13.934Z",
      "edited": "2014-12-20T20:58:18.423Z",
      "url": "https://swapi.dev/api/planets/4/"
    },
    {
      "Id": 5,
      "name": "Dagobah",
      "rotation_period": "23",
      "RotationPeriodInt": 23,
      "orbital_period": "341",
      "OrbitalPeriodInt": 341,
      "diameter": "8900",
      "DiameterInt": 8900,
      "climate": "murky",
      "gravity": "N/A",
      "GravityNumeric": 0.0,
      "terrain": "swamp, jungles",
      "surface_water": "8",
      "population": "unknown",
      "residents": [],
      "created": "2014-12-10T11:42:22.59Z",
      "edited": "2014-12-20T20:58:18.425Z",
      "url": "https://swapi.dev/api/planets/5/"
    },
    {
      "Id": 6,
      "name": "Bespin",
      "rotation_period": "12",
      "RotationPeriodInt": 12,
      "orbital_period": "5110",
      "OrbitalPeriodInt": 5110,
      "diameter": "118000",
      "DiameterInt": 118000,
      "climate": "temperate",
      "gravity": "1.5 (surface), 1 standard (Cloud City)",
      "GravityNumeric": 1.5,
      "terrain": "gas giant",
      "surface_water": "0",
      "population": "6000000",
      "residents": [
        "Lobot"
      ],
      "created": "2014-12-10T11:43:55.24Z",
      "edited": "2014-12-20T20:58:18.427Z",
      "url": "https://swapi.dev/api/planets/6/"
    },
    {
      "Id": 7,
      "name": "Endor",
      "rotation_period": "18",
      "RotationPeriodInt": 18,
      "orbital_period": "402",
      "OrbitalPeriodInt": 402,
      "diameter": "4900",
      "DiameterInt": 4900,
      "climate": "temperate",
      "gravity": "0.85 standard",
      "GravityNumeric": 0.85,
      "terrain": "forests, mountains, lakes",
      "surface_water": "8",
      "population": "30000000",
      "residents": [
        "Wicket Systri Warrick"
      ],
      "created": "2014-12-10T11:50:29.349Z",
      "edited": "2014-12-20T20:58:18.429Z",
      "url": "https://swapi.dev/api/planets/7/"
    },
    {
      "Id": 8,
      "name": "Naboo",
      "rotation_period": "26",
      "RotationPeriodInt": 26,
      "orbital_period": "312",
      "OrbitalPeriodInt": 312,
      "diameter": "12120",
      "DiameterInt": 12120,
      "climate": "temperate",
      "gravity": "1 standard",
      "GravityNumeric": 1.0,
      "terrain": "grassy hills, swamps, forests, mountains",
      "surface_water": "12",
      "population": "4500000000",
      "residents": [
        "R2-D2",
        "Palpatine",
        "Padmé Amidala",
        "Jar Jar Binks",
        "Roos Tarpals",
        "Rugor Nass",
        "Ric Olié",
        "Quarsh Panaka",
        "Gregar Typho",
        "Cordé",
        "Dormé"
      ],
      "created": "2014-12-10T11:52:31.066Z",
      "edited": "2014-12-20T20:58:18.43Z",
      "url": "https://swapi.dev/api/planets/8/"
    },
    {
      "Id": 9,
      "name": "Coruscant",
      "rotation_period": "24",
      "RotationPeriodInt": 24,
      "orbital_period": "368",
      "OrbitalPeriodInt": 368,
      "diameter": "12240",
      "DiameterInt": 12240,
      "climate": "temperate",
      "gravity": "1 standard",
      "GravityNumeric": 1.0,
      "terrain": "cityscape, mountains",
      "surface_water": "unknown",
      "population": "1000000000000",
      "residents": [
        "Finis Valorum",
        "Adi Gallia",
        "Jocasta Nu"
      ],
      "created": "2014-12-10T11:54:13.921Z",
      "edited": "2014-12-20T20:58:18.432Z",
      "url": "https://swapi.dev/api/planets/9/"
    },
    {
      "Id": 10,
      "name": "Kamino",
      "rotation_period": "27",
      "RotationPeriodInt": 27,
      "orbital_period": "463",
      "OrbitalPeriodInt": 463,
      "diameter": "19720",
      "DiameterInt": 19720,
      "climate": "temperate",
      "gravity": "1 standard",
      "GravityNumeric": 1.0,
      "terrain": "ocean",
      "surface_water": "100",
      "population": "1000000000",
      "residents": [
        "Boba Fett",
        "Lama Su",
        "Taun We"
      ],
      "created": "2014-12-10T12:45:06.577Z",
      "edited": "2014-12-20T20:58:18.434Z",
      "url": "https://swapi.dev/api/planets/10/"
    },
    {
      "Id": 11,
      "name": "Geonosis",
      "rotation_period": "30",
      "RotationPeriodInt": 30,
      "orbital_period": "256",
      "OrbitalPeriodInt": 256,
      "diameter": "11370",
      "DiameterInt": 11370,
      "climate": "temperate, arid",
      "gravity": "0.9 standard",
      "GravityNumeric": 0.9,
      "terrain": "rock, desert, mountain, barren",
      "surface_water": "5",
      "population": "100000000000",
      "residents": [
        "Poggle the Lesser"
      ],
      "created": "2014-12-10T12:47:22.35Z",
      "edited": "2014-12-20T20:58:18.437Z",
      "url": "https://swapi.dev/api/planets/11/"
    },
    {
      "Id": 12,
      "name": "Utapau",
      "rotation_period": "27",
      "RotationPeriodInt": 27,
      "orbital_period": "351",
      "OrbitalPeriodInt": 351,
      "diameter": "12900",
      "DiameterInt": 12900,
      "climate": "temperate, arid, windy",
      "gravity": "1 standard",
      "GravityNumeric": 1.0,
      "terrain": "scrublands, savanna, canyons, sinkholes",
      "surface_water": "0.9",
      "population": "95000000",
      "residents": [
        "Tion Medon"
      ],
      "created": "2014-12-10T12:49:01.491Z",
      "edited": "2014-12-20T20:58:18.439Z",
      "url": "https://swapi.dev/api/planets/12/"
    },
    {
      "Id": 13,
      "name": "Mustafar",
      "rotation_period": "36",
      "RotationPeriodInt": 36,
      "orbital_period": "412",
      "OrbitalPeriodInt": 412,
      "diameter": "4200",
      "DiameterInt": 4200,
      "climate": "hot",
      "gravity": "1 standard",
      "GravityNumeric": 1.0,
      "terrain": "volcanoes, lava rivers, mountains, caves",
      "surface_water": "0",
      "population": "20000",
      "residents": [],
      "created": "2014-12-10T12:50:16.526Z",
      "edited": "2014-12-20T20:58:18.44Z",
      "url": "https://swapi.dev/api/planets/13/"
    },
    {
      "Id": 14,
      "name": "Kashyyyk",
      "rotation_period": "26",
      "RotationPeriodInt": 26,
      "orbital_period": "381",
      "OrbitalPeriodInt": 381,
      "diameter": "12765",
      "DiameterInt": 12765,
      "climate": "tropical",
      "gravity": "1 standard",
      "GravityNumeric": 1.0,
      "terrain": "jungle, forests, lakes, rivers",
      "surface_water": "60",
      "population": "45000000",
      "residents": [
        "Chewbacca",
        "Tarfful"
      ],
      "created": "2014-12-10T13:32:00.124Z",
      "edited": "2014-12-20T20:58:18.442Z",
      "url": "https://swapi.dev/api/planets/14/"
    },
    {
      "Id": 15,
      "name": "Polis Massa",
      "rotation_period": "24",
      "RotationPeriodInt": 24,
      "orbital_period": "590",
      "OrbitalPeriodInt": 590,
      "diameter": "0",
      "DiameterInt": 0,
      "climate": "artificial temperate ",
      "gravity": "0.56 standard",
      "GravityNumeric": 0.56,
      "terrain": "airless asteroid",
      "surface_water": "0",
      "population": "1000000",
      "residents": [],
      "created": "2014-12-10T13:33:46.405Z",
      "edited": "2014-12-20T20:58:18.444Z",
      "url": "https://swapi.dev/api/planets/15/"
    },
    {
      "Id": 16,
      "name": "Mygeeto",
      "rotation_period": "12",
      "RotationPeriodInt": 12,
      "orbital_period": "167",
      "OrbitalPeriodInt": 167,
      "diameter": "10088",
      "DiameterInt": 10088,
      "climate": "frigid",
      "gravity": "1 standard",
      "GravityNumeric": 1.0,
      "terrain": "glaciers, mountains, ice canyons",
      "surface_water": "unknown",
      "population": "19000000",
      "residents": [],
      "created": "2014-12-10T13:43:39.139Z",
      "edited": "2014-12-20T20:58:18.446Z",
      "url": "https://swapi.dev/api/planets/16/"
    },
    {
      "Id": 17,
      "name": "Felucia",
      "rotation_period": "34",
      "RotationPeriodInt": 34,
      "orbital_period": "231",
      "OrbitalPeriodInt": 231,
      "diameter": "9100",
      "DiameterInt": 9100,
      "climate": "hot, humid",
      "gravity": "0.75 standard",
      "GravityNumeric": 0.75,
      "terrain": "fungus forests",
      "surface_water": "unknown",
      "population": "8500000",
      "residents": [],
      "created": "2014-12-10T13:44:50.397Z",
      "edited": "2014-12-20T20:58:18.447Z",
      "url": "https://swapi.dev/api/planets/17/"
    },
    {
      "Id": 18,
      "name": "Cato Neimoidia",
      "rotation_period": "25",
      "RotationPeriodInt": 25,
      "orbital_period": "278",
      "OrbitalPeriodInt": 278,
      "diameter": "0",
      "DiameterInt": 0,
      "climate": "temperate, moist",
      "gravity": "1 standard",
      "GravityNumeric": 1.0,
      "terrain": "mountains, fields, forests, rock arches",
      "surface_water": "unknown",
      "population": "10000000",
      "residents": [
        "Nute Gunray"
      ],
      "created": "2014-12-10T13:46:28.704Z",
      "edited": "2014-12-20T20:58:18.449Z",
      "url": "https://swapi.dev/api/planets/18/"
    },
    {
      "Id": 19,
      "name": "Saleucami",
      "rotation_period": "26",
      "RotationPeriodInt": 26,
      "orbital_period": "392",
      "OrbitalPeriodInt": 392,
      "diameter": "14920",
      "DiameterInt": 14920,
      "climate": "hot",
      "gravity": "unknown",
      "GravityNumeric": 0.0,
      "terrain": "caves, desert, mountains, volcanoes",
      "surface_water": "unknown",
      "population": "1400000000",
      "residents": [],
      "created": "2014-12-10T13:47:46.874Z",
      "edited": "2014-12-20T20:58:18.45Z",
      "url": "https://swapi.dev/api/planets/19/"
    },
    {
      "Id": 20,
      "name": "Stewjon",
      "rotation_period": "unknown",
      "RotationPeriodInt": 0,
      "orbital_period": "unknown",
      "OrbitalPeriodInt": 0,
      "diameter": "0",
      "DiameterInt": 0,
      "climate": "temperate",
      "gravity": "1 standard",
      "GravityNumeric": 1.0,
      "terrain": "grass",
      "surface_water": "unknown",
      "population": "unknown",
      "residents": [
        "Obi-Wan Kenobi"
      ],
      "created": "2014-12-10T16:16:26.566Z",
      "edited": "2014-12-20T20:58:18.452Z",
      "url": "https://swapi.dev/api/planets/20/"
    },
    {
      "Id": 21,
      "name": "Eriadu",
      "rotation_period": "24",
      "RotationPeriodInt": 24,
      "orbital_period": "360",
      "OrbitalPeriodInt": 360,
      "diameter": "13490",
      "DiameterInt": 13490,
      "climate": "polluted",
      "gravity": "1 standard",
      "GravityNumeric": 1.0,
      "terrain": "cityscape",
      "surface_water": "unknown",
      "population": "22000000000",
      "residents": [
        "Wilhuff Tarkin"
      ],
      "created": "2014-12-10T16:26:54.384Z",
      "edited": "2014-12-20T20:58:18.454Z",
      "url": "https://swapi.dev/api/planets/21/"
    },
    {
      "Id": 22,
      "name": "Corellia",
      "rotation_period": "25",
      "RotationPeriodInt": 25,
      "orbital_period": "329",
      "OrbitalPeriodInt": 329,
      "diameter": "11000",
      "DiameterInt": 11000,
      "climate": "temperate",
      "gravity": "1 standard",
      "GravityNumeric": 1.0,
      "terrain": "plains, urban, hills, forests",
      "surface_water": "70",
      "population": "3000000000",
      "residents": [
        "Han Solo",
        "Wedge Antilles"
      ],
      "created": "2014-12-10T16:49:12.453Z",
      "edited": "2014-12-20T20:58:18.456Z",
      "url": "https://swapi.dev/api/planets/22/"
    },
    {
      "Id": 23,
      "name": "Rodia",
      "rotation_period": "29",
      "RotationPeriodInt": 29,
      "orbital_period": "305",
      "OrbitalPeriodInt": 305,
      "diameter": "7549",
      "DiameterInt": 7549,
      "climate": "hot",
      "gravity": "1 standard",
      "GravityNumeric": 1.0,
      "terrain": "jungles, oceans, urban, swamps",
      "surface_water": "60",
      "population": "1300000000",
      "residents": [
        "Greedo"
      ],
      "created": "2014-12-10T17:03:28.11Z",
      "edited": "2014-12-20T20:58:18.458Z",
      "url": "https://swapi.dev/api/planets/23/"
    },
    {
      "Id": 24,
      "name": "Nal Hutta",
      "rotation_period": "87",
      "RotationPeriodInt": 87,
      "orbital_period": "413",
      "OrbitalPeriodInt": 413,
      "diameter": "12150",
      "DiameterInt": 12150,
      "climate": "temperate",
      "gravity": "1 standard",
      "GravityNumeric": 1.0,
      "terrain": "urban, oceans, swamps, bogs",
      "surface_water": "unknown",
      "population": "7000000000",
      "residents": [
        "Jabba Desilijic Tiure"
      ],
      "created": "2014-12-10T17:11:29.452Z",
      "edited": "2014-12-20T20:58:18.46Z",
      "url": "https://swapi.dev/api/planets/24/"
    },
    {
      "Id": 25,
      "name": "Dantooine",
      "rotation_period": "25",
      "RotationPeriodInt": 25,
      "orbital_period": "378",
      "OrbitalPeriodInt": 378,
      "diameter": "9830",
      "DiameterInt": 9830,
      "climate": "temperate",
      "gravity": "1 standard",
      "GravityNumeric": 1.0,
      "terrain": "oceans, savannas, mountains, grasslands",
      "surface_water": "unknown",
      "population": "1000",
      "residents": [],
      "created": "2014-12-10T17:23:29.896Z",
      "edited": "2014-12-20T20:58:18.461Z",
      "url": "https://swapi.dev/api/planets/25/"
    },
    {
      "Id": 26,
      "name": "Bestine IV",
      "rotation_period": "26",
      "RotationPeriodInt": 26,
      "orbital_period": "680",
      "OrbitalPeriodInt": 680,
      "diameter": "6400",
      "DiameterInt": 6400,
      "climate": "temperate",
      "gravity": "unknown",
      "GravityNumeric": 0.0,
      "terrain": "rocky islands, oceans",
      "surface_water": "98",
      "population": "62000000",
      "residents": [
        "Jek Tono Porkins"
      ],
      "created": "2014-12-12T11:16:55.078Z",
      "edited": "2014-12-20T20:58:18.463Z",
      "url": "https://swapi.dev/api/planets/26/"
    },
    {
      "Id": 27,
      "name": "Ord Mantell",
      "rotation_period": "26",
      "RotationPeriodInt": 26,
      "orbital_period": "334",
      "OrbitalPeriodInt": 334,
      "diameter": "14050",
      "DiameterInt": 14050,
      "climate": "temperate",
      "gravity": "1 standard",
      "GravityNumeric": 1.0,
      "terrain": "plains, seas, mesas",
      "surface_water": "10",
      "population": "4000000000",
      "residents": [],
      "created": "2014-12-15T12:23:41.661Z",
      "edited": "2014-12-20T20:58:18.464Z",
      "url": "https://swapi.dev/api/planets/27/"
    },
    {
      "Id": 28,
      "name": "unknown",
      "rotation_period": "0",
      "RotationPeriodInt": 0,
      "orbital_period": "0",
      "OrbitalPeriodInt": 0,
      "diameter": "0",
      "DiameterInt": 0,
      "climate": "unknown",
      "gravity": "unknown",
      "GravityNumeric": 0.0,
      "terrain": "unknown",
      "surface_water": "unknown",
      "population": "unknown",
      "residents": [
        "Yoda",
        "IG-88",
        "Arvel Crynyd",
        "Qui-Gon Jinn",
        "R4-P17"
      ],
      "created": "2014-12-15T12:25:59.569Z",
      "edited": "2014-12-20T20:58:18.466Z",
      "url": "https://swapi.dev/api/planets/28/"
    },
    {
      "Id": 29,
      "name": "Trandosha",
      "rotation_period": "25",
      "RotationPeriodInt": 25,
      "orbital_period": "371",
      "OrbitalPeriodInt": 371,
      "diameter": "0",
      "DiameterInt": 0,
      "climate": "arid",
      "gravity": "0.62 standard",
      "GravityNumeric": 0.62,
      "terrain": "mountains, seas, grasslands, deserts",
      "surface_water": "unknown",
      "population": "42000000",
      "residents": [
        "Bossk"
      ],
      "created": "2014-12-15T12:53:47.695Z",
      "edited": "2014-12-20T20:58:18.468Z",
      "url": "https://swapi.dev/api/planets/29/"
    },
    {
      "Id": 30,
      "name": "Socorro",
      "rotation_period": "20",
      "RotationPeriodInt": 20,
      "orbital_period": "326",
      "OrbitalPeriodInt": 326,
      "diameter": "0",
      "DiameterInt": 0,
      "climate": "arid",
      "gravity": "1 standard",
      "GravityNumeric": 1.0,
      "terrain": "deserts, mountains",
      "surface_water": "unknown",
      "population": "300000000",
      "residents": [
        "Lando Calrissian"
      ],
      "created": "2014-12-15T12:56:31.121Z",
      "edited": "2014-12-20T20:58:18.469Z",
      "url": "https://swapi.dev/api/planets/30/"
    },
    {
      "Id": 31,
      "name": "Mon Cala",
      "rotation_period": "21",
      "RotationPeriodInt": 21,
      "orbital_period": "398",
      "OrbitalPeriodInt": 398,
      "diameter": "11030",
      "DiameterInt": 11030,
      "climate": "temperate",
      "gravity": "1",
      "GravityNumeric": 1.0,
      "terrain": "oceans, reefs, islands",
      "surface_water": "100",
      "population": "27000000000",
      "residents": [
        "Ackbar"
      ],
      "created": "2014-12-18T11:07:01.792Z",
      "edited": "2014-12-20T20:58:18.471Z",
      "url": "https://swapi.dev/api/planets/31/"
    },
    {
      "Id": 32,
      "name": "Chandrila",
      "rotation_period": "20",
      "RotationPeriodInt": 20,
      "orbital_period": "368",
      "OrbitalPeriodInt": 368,
      "diameter": "13500",
      "DiameterInt": 13500,
      "climate": "temperate",
      "gravity": "1",
      "GravityNumeric": 1.0,
      "terrain": "plains, forests",
      "surface_water": "40",
      "population": "1200000000",
      "residents": [
        "Mon Mothma"
      ],
      "created": "2014-12-18T11:11:51.872Z",
      "edited": "2014-12-20T20:58:18.472Z",
      "url": "https://swapi.dev/api/planets/32/"
    },
    {
      "Id": 33,
      "name": "Sullust",
      "rotation_period": "20",
      "RotationPeriodInt": 20,
      "orbital_period": "263",
      "OrbitalPeriodInt": 263,
      "diameter": "12780",
      "DiameterInt": 12780,
      "climate": "superheated",
      "gravity": "1",
      "GravityNumeric": 1.0,
      "terrain": "mountains, volcanoes, rocky deserts",
      "surface_water": "5",
      "population": "18500000000",
      "residents": [
        "Nien Nunb"
      ],
      "created": "2014-12-18T11:25:40.243Z",
      "edited": "2014-12-20T20:58:18.474Z",
      "url": "https://swapi.dev/api/planets/33/"
    }
  ]
}