[{"Name":"Здоровье","Type":"мультиварка","VendorCode":"434444","Price":3444,"Amount":4,"FileName":"multicooker_001.jpg"},{"Name":"BEKO RCNA366K30W","Type":"холодильник","VendorCode":"067812","Price":35000,"Amount":5,"FileName":"fridge_002.jpg"},{"Name":"Samsung VC07M31D3HU","Type":"пылесос","VendorCode":"045700","Price":6000,"Amount":4,"FileName":"cleaner_002.jpg"},{"Name":"RZTK Cyclone 30","Type":"пылесос","VendorCode":"098109","Price":4000,"Amount":4,"FileName":"cleaner_003.jpg"},{"Name":"Philips XB2125/09","Type":"пылесос","VendorCode":"096493","Price":6000,"Amount":4,"FileName":"cleaner_001.jpg"},{"Name":"BOSCH KGN39UL316","Type":"холодильник","VendorCode":"018866","Price":40000,"Amount":2,"FileName":"fridge_001.jpg"},{"Name":"Philips XB2125/09","Type":"пылесос","VendorCode":"005403","Price":6000,"Amount":4,"FileName":"cleaner_001.jpg"},{"Name":"MOULINEX CE430834","Type":"мультиварка","VendorCode":"052911","Price":12000,"Amount":6,"FileName":"multicooker_002.jpg"},{"Name":"BOSCH KGN39VI306","Type":"холодильник","VendorCode":"023190","Price":44000,"Amount":12,"FileName":"fridge_003.jpg"},{"Name":"PHILIPS HD3136/03","Type":"мультиварка","VendorCode":"095068","Price":6000,"Amount":5,"FileName":"multicooker_001.jpg"}]