[
  {
    "Id": 1,
    "Surname": "Юрковский",
    "Name": "Марк",
    "Patronymic": "Максимилианович",
    "DoB": "1965-05-12T00:00:00",
    "Category": "A",
    "ShortName": "Юрковский М.М."
  },
  {
    "Id": 2,
    "Surname": "Якубовская",
    "Name": "Диана",
    "Patronymic": "Ринатовна",
    "DoB": "1965-05-12T05:06:00",
    "Category": "C",
    "ShortName": "Якубовская Д.Р."
  },
  {
    "Id": 3,
    "Surname": "Шапиро",
    "Name": "Федор",
    "Patronymic": "Федорович",
    "DoB": "1974-04-01T00:00:00",
    "Category": "C",
    "ShortName": "Шапиро Ф.Ф."
  },
  {
    "Id": 4,
    "Surname": "Вожжаев",
    "Name": "Сергей",
    "Patronymic": "Денисович",
    "DoB": "1984-08-20T00:00:00",
    "Category": "A",
    "ShortName": "Вожжаев С.Д."
  },
  {
    "Id": 5,
    "Surname": "Хроменко",
    "Name": "Игорь",
    "Patronymic": "Владимирович",
    "DoB": "1979-07-17T00:00:00",
    "Category": "B",
    "ShortName": "Хроменко И.В."
  }
]